{
  "timestamp": "2025-10-01T17:43:33.919Z",
  "experiment": "ab-performance-experiment",
  "workflow_id": "wf_1759340317756_e53d30",
  "dataset": {
    "size": 50,
    "fixed_seed": 42,
    "warmup_runs": 3
  },
  "repetitions": 5,
  "mcpStats": {
    "totalTime": {
      "mean": 819.6876000000011,
      "stdDev": 21.459624683777186,
      "min": 790.7662080000009,
      "max": 849.6006250000028,
      "median": 828.7672500000008,
      "p95": 849.6006250000028,
      "count": 5
    },
    "p95Latency": {
      "mean": 22.790974799999457,
      "stdDev": 0.41858684621377346,
      "min": 22.124707999999373,
      "max": 23.138082999998005,
      "median": 23.09833299999991,
      "p95": 23.138082999998005,
      "count": 5
    },
    "throughput": {
      "mean": 61.040781636863684,
      "stdDev": 1.602002455790183,
      "min": 58.85118081216081,
      "max": 63.22981368470406,
      "median": 60.330569288301334,
      "p95": 63.22981368470406,
      "count": 5
    },
    "errorRate": {
      "mean": 0,
      "stdDev": 0,
      "min": 0,
      "max": 0,
      "median": 0,
      "p95": 0,
      "count": 5
    }
  },
  "manualStats": {
    "totalTime": {
      "mean": 4447.6857584,
      "stdDev": 118.69706051117974,
      "min": 4333.227250000004,
      "max": 4597.379666999997,
      "median": 4375.367875,
      "p95": 4597.379666999997,
      "count": 5
    },
    "p95Latency": {
      "mean": 124.44439979999952,
      "stdDev": 2.7031336086303592,
      "min": 121.31395799999882,
      "max": 128.12833300000057,
      "median": 123.27137499999662,
      "p95": 128.12833300000057,
      "count": 5
    },
    "throughput": {
      "mean": 11.24973536237437,
      "stdDev": 0.29729843381486604,
      "min": 10.875760459572248,
      "max": 11.538744015790993,
      "median": 11.427610529777454,
      "p95": 11.538744015790993,
      "count": 5
    },
    "errorRate": {
      "mean": 0,
      "stdDev": 0,
      "min": 0,
      "max": 0,
      "median": 0,
      "p95": 0,
      "count": 5
    }
  },
  "improvements": {
    "totalTime": {
      "improvement": 81.57046957618532,
      "mcpMean": 819.6876000000011,
      "manualMean": 4447.6857584
    },
    "p95Latency": {
      "improvement": 81.68581725121588,
      "mcpMean": 22.790974799999457,
      "manualMean": 124.44439979999952
    },
    "throughput": {
      "improvement": 442.59748936867805,
      "mcpMean": 61.040781636863684,
      "manualMean": 11.24973536237437
    }
  },
  "significance": {
    "t_statistic": 60.155162562938564,
    "significant": true,
    "confidence": "95%"
  },
  "rawResults": {
    "mcp": [
      {
        "totalTime": 829.4537500000006,
        "latencies": [
          8.801417000000583,
          12.089916999999332,
          12.103041999998823,
          20.11750000000029,
          18.102457999999388,
          22.10712500000045,
          9.104624999999942,
          23.168916000000536,
          20.174999999999272,
          14.091832999998587,
          23.157374999998865,
          10.901541999999608,
          16.864000000001397,
          15.128749999999854,
          20.14354099999946,
          20.15400000000045,
          16.145708000000013,
          20.289416999999958,
          12.07416700000067,
          17.131083000000217,
          18.897124999999505,
          10.620334000001094,
          16.167333000001236,
          18.891375000001062,
          12.365125000000262,
          18.1162089999998,
          22.191249999999854,
          11.523541999998997,
          9.140916999998808,
          15.113334000001487,
          11.069290999999794,
          18.082540999999765,
          23.09833299999991,
          11.075250000001688,
          22.07775000000038,
          14.140040999998746,
          19.11516699999993,
          19.073582999997598,
          13.12195900000006,
          22.10699999999997,
          20.091166999998677,
          18.347625000002154,
          22.10270799999853,
          14.16387499999837,
          20.181790999999066,
          17.207290999998804,
          12.868249999999534,
          9.161292000000685,
          22.14483299999847,
          15.15112500000032
        ],
        "errors": 0,
        "throughput": 60.2806365032408,
        "avgLatency": 16.585176639999844,
        "p95Latency": 23.09833299999991,
        "errorRate": 0
      },
      {
        "totalTime": 849.6006250000028,
        "latencies": [
          23.181541000001744,
          21.091958000000886,
          20.109457999998995,
          22.104999999999563,
          13.1215830000001,
          15.10662500000035,
          20.079000000001543,
          14.938665999998193,
          20.142209000001458,
          21.806000000000495,
          17.085957999999664,
          19.910625000000437,
          23.132458000000042,
          21.146832999998878,
          9.205834000000323,
          15.686915999998746,
          15.120874999996886,
          10.133957999998529,
          21.10895900000105,
          17.09545799999978,
          14.112291000001278,
          19.066125000001193,
          14.061083999997209,
          14.130207999998674,
          20.109582999997656,
          9.120208000000275,
          22.113624999998137,
          11.126083999999537,
          11.111249999998108,
          17.104332999999315,
          19.1126660000009,
          11.087749999998778,
          21.429917000001296,
          20.137666999999055,
          17.10674999999901,
          15.163292000001093,
          9.016208000000915,
          10.010583999999653,
          23.126374999999825,
          22.0882500000007,
          15.494916999999987,
          17.100624999999127,
          19.078999999997905,
          18.164749999999913,
          12.158666999999696,
          21.179415999999037,
          14.146708000000217,
          16.134916999999405,
          16.228624999999738,
          18.144082999999227
        ],
        "errors": 0,
        "throughput": 58.85118081216081,
        "avgLatency": 16.98951743999969,
        "p95Latency": 23.126374999999825,
        "errorRate": 0
      },
      {
        "totalTime": 828.7672500000008,
        "latencies": [
          12.197416999999405,
          16.809166999999434,
          19.146208000001934,
          18.089333999996597,
          16.07983400000012,
          20.14866699999766,
          15.151499999999942,
          23.17908399999942,
          10.722082999996928,
          17.14887500000259,
          18.12491599999703,
          23.138082999998005,
          13.138750000001892,
          14.159999999999854,
          12.096749999996973,
          12.054958000000624,
          12.112292000001617,
          12.169708999997965,
          23.134792000000743,
          17.11999999999898,
          12.148542000002635,
          23.08795900000041,
          23.125082999998995,
          18.18366700000115,
          13.730416000002151,
          20.275541999999405,
          9.103125000001455,
          10.73020799999722,
          14.084374999998545,
          12.08220799999981,
          13.071625000000495,
          17.08091599999898,
          18.15595899999971,
          18.19300000000294,
          21.617832999996608,
          18.165790999999444,
          16.152416999997513,
          20.130667000001267,
          18.08650000000125,
          21.109958000000915,
          20.18895799999882,
          17.1285420000022,
          11.108750000003056,
          22.095499999999447,
          14.138332999998966,
          23.143917000001238,
          19.153791000000638,
          11.156957999999577,
          16.156749999998283,
          10.098582999999053
        ],
        "errors": 0,
        "throughput": 60.330569288301334,
        "avgLatency": 16.572165839999798,
        "p95Latency": 23.138082999998005,
        "errorRate": 0
      },
      {
        "totalTime": 799.8501670000005,