{
  "timestamp": "2025-10-01T17:44:41.057Z",
  "experiment": "ab-performance-experiment",
  "workflow_id": "wf_1759340317756_e53d30",
  "dataset": {
    "size": 50,
    "fixed_seed": 42,
    "warmup_runs": 3
  },
  "repetitions": 5,
  "mcpStats": {
    "totalTime": {
      "mean": 810.5026169999994,
      "stdDev": 14.754271209273016,
      "min": 787.1629169999978,
      "max": 830.1856670000016,
      "median": 808.9000840000008,
      "p95": 830.1856670000016,
      "count": 5
    },
    "p95Latency": {
      "mean": 22.694133399999554,
      "stdDev": 0.4932358130234028,
      "min": 22.083708999998635,
      "max": 23.127957999997307,
      "median": 23.06487500000003,
      "p95": 23.127957999997307,
      "count": 5
    },
    "throughput": {
      "mean": 61.71066328461745,
      "stdDev": 1.1289316874363045,
      "min": 60.22749125588061,
      "max": 63.51925239384738,
      "median": 61.81233132372867,
      "p95": 63.51925239384738,
      "count": 5
    },
    "errorRate": {
      "mean": 0,
      "stdDev": 0,
      "min": 0,
      "max": 0,
      "median": 0,
      "p95": 0,
      "count": 5
    }
  },
  "manualStats": {
    "totalTime": {
      "mean": 4441.4997582,
      "stdDev": 170.5217131854729,
      "min": 4172.585665999999,
      "max": 4700.226624999999,
      "median": 4413.732500000002,
      "p95": 4700.226624999999,
      "count": 5
    },
    "p95Latency": {
      "mean": 127.05731639999867,
      "stdDev": 1.6918652405123262,
      "min": 124.19900000000052,
      "max": 129.10679099999834,
      "median": 127.52995799999917,
      "p95": 129.10679099999834,
      "count": 5
    },
    "throughput": {
      "mean": 11.274157173981257,
      "stdDev": 0.43535341737385763,
      "min": 10.637784938720909,
      "max": 11.982977463451798,
      "median": 11.328280542601977,
      "p95": 11.982977463451798,
      "count": 5
    },
    "errorRate": {
      "mean": 0,
      "stdDev": 0,
      "min": 0,
      "max": 0,
      "median": 0,
      "p95": 0,
      "count": 5
    }
  },
  "improvements": {
    "totalTime": {
      "improvement": 81.75160056006689,
      "mcpMean": 810.5026169999994,
      "manualMean": 4441.4997582
    },
    "p95Latency": {
      "improvement": 82.13866462553446,
      "mcpMean": 22.694133399999554,
      "manualMean": 127.05731639999867
    },
    "throughput": {
      "improvement": 447.3638723702971,
      "mcpMean": 61.71066328461745,
      "manualMean": 11.274157173981257
    }
  },
  "significance": {
    "t_statistic": 42.428395414581566,
    "significant": true,
    "confidence": "95%"
  },
  "rawResults": {
    "mcp": [
      {
        "totalTime": 821.4952499999981,
        "latencies": [
          13.285083000000668,
          10.188874999999825,
          23.15441699999974,
          13.93566699999974,
          19.77049999999872,
          16.11370799999895,
          16.09441699999843,
          9.128749999999854,
          23.089500000000044,
          18.08300000000054,
          18.685707999999067,
          11.218417000000045,
          16.07508400000006,
          23.133209000001443,
          12.394416999999521,
          22.18220900000233,
          12.094042000000627,
          15.107374999999593,
          9.132832999999664,
          9.123833999998169,
          14.06316599999991,
          9.12604199999987,
          22.122791000001598,
          10.120208000000275,
          18.171875,
          20.149333000001207,
          17.294083000000683,
          12.111875000002328,
          23.127957999997307,
          19.38550000000032,
          22.16045899999881,
          16.239332999997714,
          14.165624999997817,
          14.046249999999418,
          18.916708000000654,
          21.116833000000042,
          10.128791999999521,
          13.08979200000249,
          14.077750000000378,
          11.056666999997105,
          21.561459000000468,
          21.070457999998325,
          23.072750000002998,
          18.14137500000288,
          21.15466699999888,
          22.28258300000016,
          16.731667000000016,
          15.125874999997905,
          8.505041999997047,
          21.03645900000265
        ],
        "errors": 0,
        "throughput": 60.86462459764693,
        "avgLatency": 16.426888399999918,
        "p95Latency": 23.127957999997307,
        "errorRate": 0
      },
      {
        "totalTime": 808.9000840000008,
        "latencies": [
          9.237584000002244,
          23.117958999999246,
          22.096874999999272,
          13.066749999998137,
          16.08116599999994,
          10.057541999998648,
          16.0803330000017,
          20.552749999998923,
          20.12512499999866,
          23.104583000000275,
          15.537374999999884,
          17.115499999999884,
          19.11004200000025,
          9.137166000000434,
          10.091749999999593,
          9.113041999997222,
          21.13191700000243,
          13.09679099999994,
          11.092124999999214,
          17.169000000001688,
          14.216707999999926,
          14.850291999999172,
          15.143416999999317,
          18.177999999999884,
          19.296667000002344,
          10.517250000000786,
          18.002000000000407,
          19.300624999999854,
          11.476040999998077,
          19.153332999998383,
          12.463292000000365,
          19.67333299999882,
          21.13224999999875,
          12.10858300000109,
          16.47899999999936,
          14.19708399999945,
          13.095792000000074,
          10.147584000002098,
          14.753375000000233,
          16.093292000001384,
          21.106665999999677,
          21.112499999999272,
          16.140416999998706,
          16.29295899999852,
          17.134334000002127,
          17.124125000002095,
          23.06487500000003,
          16.081084000001283,
          20.10504099999889,
          14.20470800000112
        ],
        "errors": 0,
        "throughput": 61.81233132372867,
        "avgLatency": 16.175200039999982,
        "p95Latency": 23.06487500000003,
        "errorRate": 0
      },
      {
        "totalTime": 830.1856670000016,
        "latencies": [
          10.097250000002532,
          9.056457999999111,
          23.1037499999984,
          16.079874999999447,
          21.113625000001775,
          13.117167000000336,
          20.07120799999757,
          13.138083000001643,
          17.092499999998836,
          20.494707999998354,
          8.843457999999373,
          21.09162500000093,
          18.05883399999948,
          22.065207999999984,
          22.090916000001016,
          10.093124999999418,
          18.301041999999143,
          12.737874999998894,
          16.05424999999741,
          19.194958000000042,
          21.34625000000233,
          18.96941599999991,
          21.128916999998182,
          10.054708000003302,
          11.055958000000828,
          20.0692080000008,
          13.071874999997817,
          10.069958000000042,
          14.874040999999124,
          10.365583999999217,
          12.171291999999085,
          20.096083000000363,
          12.10004200000185,
          19.359832999998616,
          22.09741700000086,
          19.226582999999664,
          17.6260829999992,
          9.15520800000013,
          21.28283399999782,
          14.16362499999741,
          14.136624999999185,
          19.66479199999958,
          15.070167000001675,
          19.13537500000166,
          18.133874999999534,
          20.20495799999844,
          20.112624999997934,
          13.197458999999071,
          23.118624999999156,
          17.104999999999563
        ],
        "errors": 0,
        "throughput": 60.22749125588061,
        "avgLatency": 16.601206619999722,
        "p95Latency": 22.09741700000086,
        "errorRate": 0
      },
      {
        "totalTime": 804.7691669999986,