{
  "timestamp": "2025-10-01T17:44:41.057Z",
  "experiment": "ab-performance-experiment",
  "workflow_id": "wf_1759340317756_e53d30",
  "dataset": {
    "size": 50,
    "fixed_seed": 42,
    "warmup_runs": 3
  },
  "repetitions": 5,
  "mcpStats": {
    "totalTime": {
      "mean": 810.5026169999994,
      "stdDev": 14.754271209273016,
      "min": 787.1629169999978,
      "max": 830.1856670000016,
      "median": 808.9000840000008,
      "p95": 830.1856670000016,
      "count": 5
    },
    "p95Latency": {
      "mean": 22.694133399999554,
      "stdDev": 0.4932358130234028,
      "min": 22.083708999998635,
      "max": 23.127957999997307,
      "median": 23.06487500000003,
      "p95": 23.127957999997307,
      "count": 5
    },
    "throughput": {
      "mean": 61.71066328461745,
      "stdDev": 1.1289316874363045,
      "min": 60.22749125588061,
      "max": 63.51925239384738,
      "median": 61.81233132372867,
      "p95": 63.51925239384738,
      "count": 5
    },
    "errorRate": {
      "mean": 0,
      "stdDev": 0,
      "min": 0,
      "max": 0,
      "median": 0,
      "p95": 0,
      "count": 5
    }
  },
  "manualStats": {
    "totalTime": {
      "mean": 4441.4997582,
      "stdDev": 170.5217131854729,
      "min": 4172.585665999999,
      "max": 4700.226624999999,
      "median": 4413.732500000002,
      "p95": 4700.226624999999,
      "count": 5
    },
    "p95Latency": {
      "mean": 127.05731639999867,
      "stdDev": 1.6918652405123262,
      "min": 124.19900000000052,
      "max": 129.10679099999834,
      "median": 127.52995799999917,
      "p95": 129.10679099999834,
      "count": 5
    },
    "throughput": {
      "mean": 11.274157173981257,
      "stdDev": 0.43535341737385763,
      "min": 10.637784938720909,
      "max": 11.982977463451798,
      "median": 11.328280542601977,
      "p95": 11.982977463451798,
      "count": 5
    },
    "errorRate": {
      "mean": 0,
      "stdDev": 0,
      "min": 0,
      "max": 0,
      "median": 0,
      "p95": 0,
      "count": 5
    }
  },
  "improvements": {
    "totalTime": {
      "improvement": 81.75160056006689,
      "mcpMean": 810.5026169999994,
      "manualMean": 4441.4997582
    },
    "p95Latency": {
      "improvement": 82.13866462553446,
      "mcpMean": 22.694133399999554,
      "manualMean": 127.05731639999867
    },
    "throughput": {
      "improvement": 447.3638723702971,
      "mcpMean": 61.71066328461745,
      "manualMean": 11.274157173981257
    }
  },
  "significance": {
    "t_statistic": 42.428395414581566,
    "significant": true,
    "confidence": "95%"
  }
}