{
  "timestamp": "2025-10-02T17:25:54.802Z",
  "testDocuments": 100,
  "withMCP": {
    "totalTime": 6221.007625,
    "memoryUsed": -370784,
    "successCount": 100,
    "errorCount": 0,
    "errorRate": 0,
    "avgLatency": 62.18528835,
    "p95Latency": 76.14470800000026,
    "p99Latency": 80.61975000000007,
    "throughput": 16.074566377018385,
    "errors": []
  },
  "withoutMCP": {
    "totalTime": 25247.493708,
    "memoryUsed": -29744,
    "successCount": 100,
    "errorCount": 0,
    "errorRate": 0,
    "avgLatency": 252.42514254999986,
    "p95Latency": 327.0266249999986,
    "p99Latency": 337.13587499999994,
    "throughput": 3.9607891839305096,
    "errors": []
  },
  "improvements": {
    "timeReduction": 75.35990028575078,
    "latencyReduction": 75.36485956913643,
    "throughputIncrease": 305.84251346260004,
    "errorReduction": null,
    "successIncrease": 0
  }
}