{
  "timestamp": "2025-10-02T02:23:09.749Z",
  "testDocuments": 100,
  "withMCP": {
    "totalTime": 6649.587750000001,
    "memoryUsed": -50040,
    "successCount": 100,
    "errorCount": 0,
    "errorRate": 0,
    "avgLatency": 66.00569537,
    "p95Latency": 87.40304200000003,
    "p99Latency": 95.19937500000003,
    "throughput": 15.038526260518932,
    "errors": []
  },
  "withoutMCP": {
    "totalTime": 27142.151125000004,
    "memoryUsed": -20040,
    "successCount": 100,
    "errorCount": 0,
    "errorRate": 0,
    "avgLatency": 271.23739452,
    "p95Latency": 356.3114999999998,
    "p99Latency": 510.4982089999994,
    "throughput": 3.684306359487193,
    "errors": []
  },
  "improvements": {
    "timeReduction": 75.50088156470687,
    "latencyReduction": 75.66497219647455,
    "throughputIncrease": 308.17795246028606,
    "errorReduction": null,
    "successIncrease": 0
  }
}